fips,eligible
2016,NA
2020,24.58
2050,62.5
2060,15.33
2068,NA
2070,47.44
2090,18.53
2100,15.84
2105,52.87
2110,22.49
2122,17.91
2130,20.66
2150,20.72
2170,19
2180,41.88
2185,19.43
2188,51.15
2195,18.88
2198,30.2
2220,17.71
2230,16.23
2240,20.07
2261,16.86
2270,69.27
2290,34.33
1001,10.74
1003,8.7
1005,31.87
1007,20.93
1009,13.6
1011,31.59
1013,32.14
1015,20.82
1017,24.96
1019,19.94
1021,14.83
1023,28.67
1025,28.64
1027,25.74
1029,24.19
1031,19.81
1033,20.6
1035,30.39
1037,25.08
1039,28.2
1041,26.82
1043,21.28
1045,24.07
1047,40.24
1049,22.38
1051,10.76
1053,23.29
1055,22.5
1057,24.93
1059,27.29
1061,28.37
1063,37.58
1065,33.34
1067,24.98
1069,27.61
1071,21.07
1073,13.31
1075,26.44
1077,20.66
1079,22.04
1081,19.88
1083,17.75
1085,26.26
1087,22.24
1089,12.99
1091,31.98
1093,24.73
1095,23.38
1097,16.36
1099,27.28
1101,16.87
1103,18.9
1105,47.1
1107,28.62
1109,23.57
1111,23.62
1113,18.75
1117,8.57
1115,12.07
1119,37.76
1121,24.06
1123,25.12
1125,20.42
1127,17.94
1129,23.42
1131,42.98
1133,28.85
5001,23.09
5003,22.31
5005,14.18
5007,13.05
5009,21.83
5011,23.78
5013,20.53
5015,16.52
5017,33.02
5019,18.65
5021,22.77
5023,15.12
5025,18.94
5027,23.35
5029,22.81
5031,24.38
5033,19.84
5035,32.87
5037,25.11
5039,20.52
5041,30.1
5043,25.42
5045,16.95
5047,22.15
5049,24.94
5051,14.26
5053,14.79
5055,21.18
5057,24.93
5059,18.66
5061,21.77
5063,24.9
5065,23.42
5067,26.91
5069,27.26
5071,25.63
5073,31.59
5075,27.25
5077,40.44
5079,29.99
5081,21.14
5083,24.82
5085,15.54
5087,20.88
5089,19.55
5091,21.69
5093,30.9
5095,30.52
5097,20.29
5099,24.84
5101,28.37
5103,22.36
5105,17.81
5107,36.99
5109,21.73
5111,31.43
5113,21.07
5115,25.26
5117,23.84
5119,18.87
5121,25.29
5125,15.57
5127,25.89
5129,28.06
5131,24.18
5133,23.48
5135,22.66
5123,35.15
5137,22.84
5139,27.03
5141,17.34
5143,19.78
5145,21.5
5147,36.08
5149,25.68
4001,41.91
4003,11.86
4005,17.09
4007,13.78
4009,17.98
4011,9.48
4012,14.61
4013,8.7
4015,10.45
4017,26.86
4019,8.74
4021,12.43
4023,16.95
4025,8.12
4027,15.18
6001,36.81
6003,23.96
6005,12.03
6007,24.09
6009,13.46
6011,25.88
6013,24.68
6015,30.22
6017,16.23
6019,35.22
6021,25.34
6023,24.2
6025,49.36
6027,18.11
6029,37.47
6031,33.29
6033,31.18
6035,22.04
6037,30
6039,32.01
6041,12.85
6043,14.92
6045,27.25
6047,36.27
6049,25.01
6051,14.56
6053,22.87
6055,22.42
6057,12.94
6059,22.33
6061,14.85
6063,18.46
6065,16.03
6067,31.53
6069,21.02
6071,27.49
6073,15.48
6075,50.64
6077,32.37
6079,13.77
6081,8.61
6083,20.79
6085,17.09
6087,20.97
6089,23.98
6091,19.47
6093,22.46
6095,27.86
6097,21.22
6099,38.25
6101,29.86
6103,25.35
6105,22.18
6107,37.37
6109,16.13
6111,22.84
6113,32.73
6115,30.89
8001,22.14
8003,34.64
8005,12.5
8007,11.15
8009,24.47
8011,29.74
8013,12.94
8014,8.29
8015,11.21
8017,16.78
8019,17.09
8021,32.14
8023,34.48
8025,31.59
8027,10.64
8029,14.28
8031,23.19
8033,11.11
8035,5.57
8037,5.9
8041,13.3
8039,7.33
8043,20.79
8045,15.32
8047,19.06
8049,7.88
8051,10.53
8053,NA
8055,25.73
8057,10.42
8059,13.91
8061,21.12
8063,15.16
8067,13.16
8065,13.08
8069,12.63
8071,29.62
8073,15.97
8075,18.83
8077,15.42
8079,6.77
8081,15.89
8083,17
8085,15.54
8087,18.56
8089,32.51
8091,6.74
8093,10.85
8095,17.37
8097,4.46
8099,26.99
8101,24.69
8103,12.38
8105,21.96
8107,8.68
8109,21.34
8111,NA
8113,11.59
8115,14.11
8117,3.79
8119,10.2
8121,16.05
8123,17.7
8125,19.2
9001,22.43
9003,28.45
9005,25.76
9007,22.9
9009,30.95
9011,27.19
9013,18.81
9015,35.45
11001,40.57
10001,19.43
10003,16.92
10005,12.99
12001,21.28
12003,22.34
12005,19.8
12007,26.6
12009,13.17
12011,22.46
12013,32.68
12015,10.65
12017,11.39
12019,11.18
12021,8.09
12023,27.13
12027,23.42
12029,31.47
12031,20
12033,18.62
12035,9.49
12037,20.77
12039,33.96
12041,21.86
12043,21.55
12045,19.35
12047,29.98
12049,29.08
12051,35.83
12053,12.49
12055,16.76
12057,21.65
12059,28.71
12061,10.05
12063,28.11
12065,27.19
12067,26.73
12069,8.13
12071,11.96
12073,22.64
12075,23.18
12077,26.42
12079,26.26
12081,11.8
12083,14.89
12085,6.69
12086,50.61
12087,14.59
12089,10.32
12091,12.6
12093,22.07
12095,19.02
12097,20.84
12099,10.72
12101,16.61
12103,18.42
12105,16.31
12107,24.41
12113,13.15
12115,8.66
12117,13.86
12109,9.56
12111,16.31
12119,11.49
12121,24.87
12123,22.69
12125,25.57
12127,15.52
12129,21.06
12131,15.55
12133,25.81
13001,26.51
13003,32.31
13005,26.25
13007,42.86
13009,22.23
13011,26.15
13013,22.44
13015,19.4
13017,26.89
13019,27.25
13021,22.32
13023,18.87
13025,25.86
13027,33.03
13029,13.32
13031,25.89
13033,29.6
13035,17.97
13037,31.85
13039,14.19
13043,33.12
13045,23.62
13047,15.5
13049,24.57
13051,15.18
13053,23.45
13055,27.9
13057,8.33
13059,23.21
13061,32.88
13063,24.18
13065,37
13067,11.14
13069,28.37
13071,27.74
13073,7.41
13075,28.44
13077,13.64
13079,24.7
13081,31.25
13083,20.76
13085,14.69
13089,20.24
13087,27.54
13091,24.05
13093,26.48
13095,27.08
13097,16.62
13099,31.9
13101,32.5
13103,13.79
13105,24.4
13107,34.22
13109,26.78
13111,16.69
13113,6.02
13115,24.47
13117,7.13
13119,24.28
13121,19.1
13123,17.57
13125,25.56
13127,14.64
13129,23.25
13131,27.42
13133,12.74
13135,13.33
13137,17.66
13139,17.43
13141,27.9
13143,26.23
13145,13.15
13147,20.34
13149,29.32
13151,13.35
13153,14.7
13155,29.09
13157,15.42
13159,21.73
13161,29.85
13163,27.2
13165,31.66
13167,32.05
13169,14.7
13171,19.81
13173,30.83
13175,26.41
13177,15.21
13179,15.34
13181,16.87
13183,23.68
13185,24.29
13187,18.12
13193,31.9
13195,21.43
13197,26.69
13189,21.96
13191,18.64
13199,27.64
13201,27.2
13205,29.44
13207,19.54
13209,31.43
13211,18.36
13213,29.66
13215,19.01
13217,21.63
13219,10.92
13221,21.47
13223,15.13
13225,17.09
13227,13.77
13229,26.04
13231,18.45
13233,23.96
13235,21.84
13237,13.14
13239,27.78
13241,18.3
13243,31
13245,19.63
13247,14.95
13249,25.45
13251,25.99
13253,26.65
13255,23.45
13257,27.24
13259,30.78
13261,27.14
13263,23.74
13265,26.74
13267,28.19
13269,29.66
13271,33.27
13273,29.99
13275,26.76
13277,28.88
13279,35.53
13281,13.01
13283,29.92
13285,26.47
13287,27.67
13289,22.57
13291,12.88
13293,25.66
13295,23.15
13297,14.67
13299,31.54
13301,29.86
13303,21.22
13305,22.42
13307,24.89
13309,29.78
13311,17.19
13313,25.47
13315,27.81
13317,25.96
13319,18.5
13321,24.81
15001,17.59
15003,10.01
15007,14.79
15009,15.21
19001,14.69
19003,15.05
19005,12.96
19007,22.15
19009,14.15
19011,12.1
19013,20.92
19015,12.98
19017,7.36
19019,12.04
19021,18.22
19023,10.49
19025,14.16
19027,19.39
19029,15.54
19031,9.63
19033,20.35
19035,10.33
19037,11.78
19039,16.73
19041,19.92
19043,14.39
19045,17.76
19047,14.43
19049,12.1
19051,12.73
19053,19.49
19055,12.05
19057,19.27
19059,8.42
19061,24.56
19063,14.14
19065,16.04
19067,13.26
19069,13.39
19071,17.06
19073,13.32
19075,8.29
19077,13.17
19079,12.23
19081,10.34
19083,13.5
19085,14.88
19087,14.27
19089,13.66
19091,12.62
19093,9.89
19095,10.66
19097,16.64
19099,13.23
19101,18.51
19103,16.5
19105,12.46
19107,13.74
19109,12.5
19111,16.15
19113,18.85
19115,13.68
19117,18.72
19119,8.74
19121,11.48
19123,17.52
19125,11.21
19127,23.35
19129,19.43
19131,10.24
19133,17.64
19135,16.19
19137,16.06
19139,16.58
19141,13.6
19143,12.04
19145,17.55
19147,14.8
19149,9.06
19151,14.1
19153,18.9
19155,20.01
19157,10.62
19159,18.43
19161,11.71
19163,19.53
19165,12.72
19167,8.72
19169,14.94
19171,11.81
19173,15.96
19175,28.96
19177,13.89
19179,29.06
19181,10.26
19183,12.6
19185,17.93
19187,20.72
19189,10.78
19191,13.17
19193,24.31
19195,10.92
19197,12.21
16001,17.18
16003,12.04
16005,27.03
16007,12.94
16009,22
16011,18.75
16013,7.35
16015,16.1
16017,16.23
16019,22.22
16021,18.22
16023,11.3
16025,NA
16027,26.01
16029,10.47
16031,17.54
16033,NA
16035,15.94
16037,11.33
16039,19.01
16041,12.2
16043,15.45
16045,20.81
16047,17.99
16049,17.74
16051,15.96
16053,20.97
16055,17.86
16057,12.75
16059,13.66
16061,20.32
16063,19.48
16065,12.88
16067,19.09
16069,23.54
16071,15.55
16073,27.07
16075,20.62
16077,18.28
16079,23.65
16081,12.05
16083,21.88
16085,10.26
16087,19.68
17001,20.25
17003,36.2
17005,18.97
17007,14.7
17009,18.87
17011,14.36
17013,15.72
17015,15.83
17017,19.17
17019,19.08
17021,11.83
17023,17.2
17025,21.85
17027,12
17029,25.39
17031,16.46
17033,15.76
17035,18.7
17037,13.63
17039,12.16
17041,16.23
17043,7.16
17045,21.76
17047,14.31
17049,18.34
17051,22.59
17053,10.25
17055,27.32
17057,19.01
17059,19.9
17061,22.55
17063,10.41
17065,21.08
17067,14.07
17069,27.02
17071,14.45
17073,11.03
17075,17.35
17077,30.4
17079,16.28
17081,27.52
17083,20.12
17085,9.5
17087,19.44
17089,11.31
17091,16.39
17093,9.37
17095,14.68
17099,17.1
17097,8.62
17101,21.08
17103,16.23
17105,17.15
17107,12.19
17115,12.99
17117,16.73
17119,19.25
17121,26.88
17123,11.33
17125,14.47
17127,26.24
17109,21.13
17111,9.56
17113,11.72
17129,8.78
17131,11.15
17133,9.51
17135,23.79
17137,21.83
17139,14.95
17141,15.15
17143,12.22
17145,20.63
17147,9.21
17149,22.21
17151,21.8
17153,33.56
17155,8.26
17157,16.52
17159,22.39
17161,14.67
17165,31.66
17167,15.34
17169,17.61
17171,16.91
17173,13.72
17163,23.74
17175,11.58
17177,20.74
17179,9.09
17181,30.35
17183,16.54
17185,16.58
17187,15.5
17189,10.92
17191,18.52
17193,21.1
17195,18.35
17197,9.53
17199,22.28
17201,22.53
17203,9.85
18001,13.99
18003,24.2
18005,21.32
18007,15.27
18009,19.74
18011,12.26
18013,13.37
18015,13.1
18017,17.75
18019,21.74
18021,19.09
18023,19.06
18025,25.08
18027,20.31
18033,24.84
18029,14.86
18031,18.62
18035,23.66
18037,12.73
18039,22.19
18041,27.97
18043,23.61
18045,15.71
18047,21.75
18049,18.04
18051,18.64
18053,24.72
18055,19.6
18057,8.82
18059,12.34
18061,17.44
18063,10.33
18065,20.38
18067,19.03
18069,19.65
18071,19.39
18073,12.48
18075,18.21
18077,27.46
18079,23.51
18081,13.73
18083,25.72
18085,15.57
18091,18.63
18087,16.66
18089,18.19
18093,18.36
18095,22.17
18097,28.65
18099,18.33
18101,17.34
18103,18.88
18105,20.67
18107,21.52
18109,15.09
18111,16.41
18113,20.98
18115,19.77
18117,26.97
18119,16.57
18121,16.06
18123,17.21
18125,21.57
18127,14.31
18129,13.97
18131,18.89
18133,18.44
18135,15.93
18137,17.08
18139,19.95
18143,26.43
18145,19.57
18147,16.83
18141,20.51
18149,22.42
18151,14.19
18153,19.18
18155,24.01
18157,19.92
18159,11.19
18161,18.51
18163,24.57
18165,19.63
18167,27.59
18169,19.4
18171,14.88
18173,12.94
18175,26.4
18177,25.55
18179,16.11
18181,14.01
18183,15.13
20001,18.39
20003,14.43
20005,18.19
20007,11.18
20009,15.8
20011,19.46
20013,19.3
20015,11.93
20017,15.93
20019,20.41
20021,22.12
20023,11.67
20025,11.39
20027,12.51
20029,15.94
20031,10.78
20033,16.81
20035,15.28
20037,23.24
20039,13.11
20041,11.36
20043,14.74
20045,16.75
20047,11.13
20049,15.45
20051,17.71
20053,11
20055,17.93
20057,24.24
20059,15.78
20061,13.79
20063,7.91
20065,12.1
20067,15
20069,9.54
20071,7.14
20073,15.02
20075,12.14
20077,12.64
20079,12.85
20081,13.24
20083,8.89
20085,11.27
20087,9.2
20089,12.53
20091,9.05
20093,12.45
20095,10
20097,12.92
20099,23.67
20101,10.22
20103,9.61
20105,12.54
20107,14.54
20109,13.78
20111,17.41
20115,10.66
20117,11.53
20113,10.06
20119,10.18
20121,12.34
20123,10.28
20125,24.4
20127,11.83
20129,13.2
20131,11.57
20133,17.82
20135,8.81
20137,10.87
20139,13.38
20141,12.31
20143,10.7
20145,10.32
20147,9.88
20149,11.33
20151,12.46
20153,9.06
20155,17.97
20157,11.99
20159,13.39
20161,14.57
20163,11.36
20165,12.34
20167,13.64
20169,17.95
20171,12.59
20173,16.97
20175,20.59
20177,16.66
20179,9.07
20181,17.44
20183,10.47
20185,11.81
20187,12.89
20189,12.46
20191,11.7
20193,12.88
20195,13.29
20197,11.48
20199,9.14
20201,10.6
20203,13.05
20205,21.25
20207,17.32
20209,24.16
21001,33.47
21003,26.47
21005,17.75
21007,19.41
21009,28.42
21011,37.05
21013,45.44
21015,17.68
21017,21.69
21019,23.61
21021,26.23
21023,27.45
21025,51.98
21027,26.19
21029,15.84
21031,30.89
21033,23.48
21035,17.92
21037,15.42
21039,25.23
21041,28.46
21043,32.05
21045,39.48
21047,28.67
21049,21.38
21051,51.53
21053,46.78
21055,21.07
21057,40.98
21059,23.32
21061,32.69
21063,41.34
21065,37.6
21067,18.46
21069,33.57
21071,40.01
21073,49.7
21075,29.16
21077,27.28
21079,25.92
21081,24.23
21083,26.14
21085,29.35
21087,34.48
21089,23.82
21091,16.46
21093,21.12
21095,36.54
21097,26.78
21099,34.55
21101,23.07
21103,21.53
21105,28.36
21107,25.77
21109,47.39
21111,17.97
21113,21.72
21115,34.02
21117,16.26
21119,39.08
21121,49.27
21123,24.34
21125,34.41
21127,35.36
21129,48.55
21131,40.59
21133,35.16
21135,39.98
21137,34.39
21139,19.58
21141,22.1
21143,16.87
21151,28.59
21153,46.43
21155,31.74
21157,17.02
21159,34.7
21161,31.34
21145,22.19
21147,47.71
21149,23.26
21163,19.04
21165,41.87
21167,22.59
21169,38.55
21171,38.19
21173,30.14
21175,46.15
21177,24.28
21179,20.47
21181,29.78
21183,26.35
21185,10.41
21187,28.13
21189,58.01
21191,22.88
21193,40.08
21195,32.06
21197,40.75
21199,33.71
21201,33.64
21203,41.42
21205,39.17
21207,37.58
21209,19.29
21211,18.14
21213,18.9
21215,17.57
21217,33.16
21219,26.74
21221,18.21
21223,22.22
21225,18.87
21227,26.81
21229,28.27
21231,45.33
21233,21.27
21235,40.33
21237,53.36
21239,14.95
22001,32.48
22003,31.09
22005,23.36
22007,35.08
22009,43.11
22011,23.87
22013,31.54
22015,18.14
22017,29.2
22019,23.11
22021,29.27
22023,15.49
22025,36.26
22027,31.64
22029,33.48
22031,26.59
22033,26.73
22035,42.44
22037,27.22
22039,41.06
22041,37.84
22043,26.64
22045,31.8
22047,33.38
22049,22.77
22051,31.2
22053,26.08
22059,26.02
22055,24.4
22057,25.52
22061,24.46
22063,24.21
22065,39.82
22067,35.4
22069,32.63
22071,42.46
22073,29.72
22075,30.05
22077,27.9
22079,31.18
22081,34.33
22083,34.96
22085,24.61
22087,34.85
22089,25.89
22091,43.24
22093,28.62
22095,34.8
22097,37.42
22099,30.89
22101,31.56
22103,19.46
22105,39.5
22107,39.24
22109,31.17
22111,23.92
22113,27.08
22115,23.41
22121,26.61
22117,37.87
22119,28.7
22123,28.15
22125,24.22
22127,31.88
25001,14.97
25003,27.8
25005,34.01
25007,14.4
25009,28.37
25011,30.68
25013,35.16
25015,20.39
25017,23.94
25019,8.91
25021,21.15
25023,22.48
25025,43.84
25027,27.03
24001,22.51
24003,11.72
24005,15.44
24510,31.22
24009,10.81
24011,21.2
24013,10.4
24015,16.75
24017,13.78
24019,26.77
24021,13.47
24023,21.49
24025,12.07
24027,14.2
24029,13.4
24031,17.49
24033,17.89
24035,10.34
24039,25.85
24037,16.37
24041,10.94
24043,19.99
24045,22.19
24047,11.12
23001,45.48
23003,48.31
23005,30.01
23007,38.28
23009,26.77
23011,42.3
23013,29.38
23015,23.9
23017,40.06
23019,41.87
23021,38.63
23023,23.37
23025,45.83
23027,35.68
23029,39.51
23031,27.21
26001,16.17
26003,9.46
26005,20
26007,24.95
26009,16.54
26011,25.31
26013,10.9
26015,9.31
26017,23.82
26019,15.42
26021,12.05
26023,10.43
26025,12.78
26027,9.08
26029,15.34
26031,19.67
26033,13.42
26035,24.16
26037,10.96
26039,23.02
26041,11.83
26043,10.84
26045,13.32
26047,19.09
26049,22.73
26051,19.82
26053,14.33
26055,19.92
26057,20.47
26059,19.73
26061,13.75
26063,14.85
26065,23.95
26067,19.67
26069,19.49
26071,12.57
26073,29.05
26075,21.47
26077,15.78
26079,23.67
26081,28.61
26083,10.35
26085,29.34
26087,14.85
26089,9.66
26091,18.01
26093,9.19
26095,13.18
26097,10.58
26099,11.98
26101,19.13
26103,9.42
26105,23.69
26107,25.31
26109,11.52
26111,19.38
26113,20.53
26115,17.33
26117,19.66
26119,18.48
26121,29.3
26123,28.97
26125,17.05
26127,21.93
26129,27.3
26131,8.64
26133,21.77
26135,24.52
26137,19.52
26139,20.49
26141,17.37
26143,19.16
26145,24.07
26151,20.21
26153,10.32
26155,20.56
26147,21.45
26149,10.65
26157,18.52
26159,13.48
26161,18.63
26163,18.37
26165,27.28
27001,19.38
27003,23.63
27005,22.6
27007,35.33
27009,23.29
27011,14.52
27013,33.05
27015,11.28
27017,20.07
27019,17.4
27021,22.2
27023,16.97
27025,18.78
27027,19.93
27029,28.11
27031,11.53
27033,14.43
27035,20.16
27037,20.09
27039,15.73
27041,30.47
27043,16.73
27045,14.42
27047,20.98
27049,15.05
27051,12.76
27053,31.31
27055,13.16
27057,20.51
27059,22.37
27061,20.32
27063,10.08
27065,22.94
27067,22.47
27069,15.09
27071,21.74
27073,16.89
27075,15.13
27077,21.49
27079,15.49
27081,13.86
27083,24.72
27087,34.63
27089,16.27
27091,26.81
27085,16.38
27093,23.25
27095,22.97
27097,25.85
27099,24.33
27101,10.65
27103,16.9
27105,12.75
27107,17.74
27109,18.58
27111,22.04
27113,21.16
27115,23.13
27117,13.92
27119,22.92
27121,13
27123,31.5
27125,20.24
27127,15.87
27129,14.19
27131,18.74
27133,14.12
27135,20.99
27139,17.51
27141,18.44
27143,16.48
27137,26.84
27145,31.69
27147,22.4
27149,13.43
27151,17.2
27153,29.91
27155,17.19
27157,13.51
27159,26.33
27161,22.08
27163,14.91
27165,13.92
27167,20.29
27169,21.76
27171,20.04
27173,12.18
29001,23.85
29003,10.67
29005,14.62
29007,12.49
29009,16.62
29011,17.82
29013,15.79
29015,14.82
29017,23.5
29019,17.99
29021,18.54
29023,32.21
29025,11.76
29027,13.46
29029,10.51
29031,17.37
29033,13.19
29035,26.89
29037,10.59
29039,19.86
29041,12.99
29043,13.13
29045,15.1
29047,11.23
29049,11.3
29051,14
29053,16.04
29055,22.23
29057,18.77
29059,23.7
29061,14.04
29063,9.15
29065,20.38
29067,26.82
29069,35.4
29071,17.81
29073,13.57
29075,13.53
29077,21.41
29079,15.07
29081,17.65
29083,16.28
29085,16.66
29087,13.22
29089,15.63
29091,26.71
29093,26.52
29095,19.81
29097,20.08
29099,19.97
29101,11.38
29103,15.38
29105,26.37
29107,13.31
29109,19.31
29111,15.62
29113,17.57
29115,15.51
29117,21.31
29121,13.14
29123,24.75
29125,14.63
29127,29.02
29119,22.01
29129,17.76
29131,14.37
29133,31.97
29135,13.31
29137,14.77
29139,16.56
29141,16.57
29143,33.29
29145,17.05
29147,17.73
29149,27.43
29151,9.16
29153,20.85
29155,39.83
29157,14.91
29159,23.55
29161,22.94
29163,18.42
29165,7.16
29167,20.56
29169,16.03
29171,18.16
29173,12.17
29175,21.24
29177,14.22
29179,25.84
29181,31.76
29195,16.32
29197,17.41
29199,16.21
29201,28.77
29203,29.37
29205,14.93
29183,11.07
29185,17.33
29187,27.55
29189,14.26
29510,41.3
29186,13.11
29207,25.72
29209,10.61
29211,18.4
29213,14.68
29215,21.48
29217,25.14
29219,14.29
29221,27.79
29223,26.58
29225,18.22
29227,15.74
29229,26.32
28001,33.57
28003,33.17
28005,33.52
28007,36.82
28009,40.51
28011,44.44
28013,35.18
28015,29.55
28017,37.48
28019,37.96
28021,42.2
28023,29.6
28025,31.02
28027,50.75
28029,30.81
28031,32.96
28033,13.5
28035,28.93
28037,34.81
28039,22.8
28041,37.83
28043,37.01
28045,20.6
28047,23.73
28049,28.29
28051,50.4
28053,48.86
28055,41.13
28057,28.22
28059,17.49
28061,35.06
28063,45.84
28065,36.44
28067,29.8
28069,35.13
28071,19.49
28073,25.25
28075,26.74
28077,28.75
28079,35.22
28081,32
28083,49.04
28085,31.57
28087,32.45
28089,18
28091,34.73
28093,34.47
28095,28.92
28097,37.72
28099,36.87
28101,29.85
28103,49.56
28105,32.6
28107,34.68
28109,23.44
28111,30.2
28113,35.46
28115,32.1
28117,33
28119,49.83
28121,16.19
28123,40.39
28125,45.67
28127,28.84
28129,30.61
28131,24.92
28133,46.72
28135,48.16
28137,25.27
28139,35.51
28141,30.65
28143,48.85
28145,28.92
28147,36.66
28149,28.18
28151,41.52
28153,32.9
28155,32.35
28157,47.79
28159,34.27
28161,33.76
28163,38.35
30001,13.16
30003,21.83
30005,19.72
30007,12.98
30009,12.23
30011,5.76
30013,17.46
30015,11.5
30017,17.57
30019,6.29
30021,9.59
30023,18.76
30025,7.71
30027,12.3
30029,14.63
30031,10.24
30033,10.33
30035,27.35
30037,10.82
30039,11.18
30041,18.52
30043,10.16
30045,9.91
30047,17.64
30049,15.6
30051,12.45
30053,18.91
30057,6.98
30055,6.1
30059,14.35
30061,15.15
30063,20.32
30065,18.16
30067,13.78
30069,NA
30071,15.71
30073,18.05
30075,7.33
30077,14.94
30079,12.74
30081,12.47
30083,9.63
30085,19.27
30087,16.44
30089,14.95
30091,9.81
30093,20.88
30095,8.98
30097,5.88
30099,12.82
30101,13.92
30103,NA
30105,16.33
30107,13.87
30109,9.52
30111,16.71
37001,21.46
37003,21.96
37005,24.41
37007,30.15
37009,25.31
37011,22.08
37013,23.52
37015,36.82
37017,33.27
37019,10.21
37021,21.14
37023,23.49
37025,19.66
37027,25.35
37029,13.03
37031,15.54
37033,28.32
37035,22.38
37037,13.47
37039,21.53
37041,22.82
37043,17.94
37045,28.77
37047,33.81
37049,18.23
37051,22.8
37053,11.6
37055,8.84
37057,23.14
37059,15.88
37061,29.11
37063,20.84
37065,34.32
37067,21.86
37069,25.41
37071,24.93
37073,19.08
37075,31.19
37077,29.77
37079,28.09
37081,21.46
37083,39.15
37085,25.29
37087,19.01
37089,13.47
37091,38.57
37093,30.2
37095,33.5
37097,17.85
37099,19.97
37101,26.29
37103,26.55
37105,24.91
37107,31.7
37109,18.83
37113,18.76
37115,27.85
37117,27.33
37111,26.76
37119,19.54
37121,25.07
37123,30.94
37125,13.21
37127,29.28
37129,17.91
37131,31.3
37133,18
37135,11.25
37137,14.2
37139,26.17
37141,19.88
37143,16.37
37145,23.28
37147,28.34
37149,12.29
37151,23.27
37153,32.4
37155,42.28
37157,29.17
37159,23.13
37161,23.41
37163,28.97
37165,31.88
37167,24.06
37169,23.39
37171,31.13
37173,25.9
37175,13.94
37177,30.88
37179,14.63
37181,40.91
37183,14.33
37185,39.87
37187,27.65
37189,17.22
37191,30.12
37193,29.05
37195,27.83
37197,24.07
37199,23.47
38001,13.04
38003,12.51
38005,22.68
38007,NA
38009,11.58
38011,10.18
38013,6.12
38015,16.51
38017,18.35
38019,8.06
38021,13.4
38023,8.49
38025,9
38027,14.46
38029,14.22
38031,10.43
38033,10.57
38035,21.71
38037,12.84
38039,12.28
38041,8.55
38043,13.21
38045,9.34
38047,14.49
38049,13.74
38051,15.96
38053,8.59
38055,10.3
38057,10.79
38059,14.52
38061,9.09
38063,11.82
38065,7.96
38067,12.23
38069,14.2
38071,19.48
38073,14.09
38075,10.15
38077,13.62
38079,32.6
38081,8.09
38083,11.55
38085,31.51
38087,NA
38089,12.38
38091,7.85
38093,23.68
38095,11.66
38097,11.78
38099,12.58
38101,15.1
38103,13.07
38105,12.67
31001,15.1
31003,11.58
31005,NA
31007,NA
31009,NA
31011,8.91
31013,14.73
31015,11.02
31017,11.31
31019,11.97
31021,13.51
31023,11.9
31025,9.16
31027,10.02
31029,11.23
31031,13.83
31033,13.35
31035,10.67
31037,11.11
31039,11.61
31041,11.63
31043,14.65
31045,13.64
31047,14.67
31049,12.53
31051,16.59
31053,12.47
31055,14.54
31057,13.21
31059,10.7
31061,11.11
31063,6.19
31065,12.82
31067,13.32
31069,15.06
31071,10.93
31073,7.51
31075,5.98
31077,8.46
31079,21.34
31081,8.92
31083,10.24
31085,NA
31087,12.31
31089,15.17
31091,9.25
31093,10.09
31095,16.98
31097,12.36
31099,10.5
31101,12.09
31103,7.26
31105,12.27
31107,13.83
31109,16.37
31111,21.43
31113,8
31115,NA
31119,18.81
31117,NA
31121,11.11
31123,16.44
31125,12.81
31127,16.36
31129,13.59
31131,11.98
31133,11.14
31135,7.56
31137,12.73
31139,11.73
31141,10.83
31143,10.12
31145,12.51
31147,15.63
31149,10.5
31151,10.73
31153,21.87
31155,12.06
31157,19.77
31159,10.32
31161,11.08
31163,10.96
31165,9.73
31167,12.21
31169,10.7
31171,12.41
31173,19.24
31175,12.06
31177,8.65
31179,9.99
31181,14.15
31183,8.63
31185,12.99
33001,15.27
33003,10.97
33005,16.91
33007,21.86
33009,15.81
33011,17.44
33013,17.99
33015,11.14
33017,17.19
33019,17.38
34001,17.02
34003,12.27
34005,12.15
34007,20.5
34009,12.07
34011,23.7
34013,21.08
34015,14.38
34017,31.73
34019,6.92
34021,20.19
34023,14.79
34025,11.2
34027,9.92
34029,8.63
34031,21.6
34033,15.48
34035,10.68
34037,10.34
34039,15.04
34041,10.46
35001,24.47
35003,17.89
35005,30.29
35006,30.85
35007,22.26
35009,28.02
35011,28.38
35013,23.35
35015,24.46
35017,15.89
35019,40.12
35021,17.03
35023,21.9
35025,28.59
35027,16.3
35028,4.33
35029,27.17
35031,46.35
35033,37.41
35035,16.8
35037,28.27
35039,29.71
35041,28.01
35045,28.47
35047,37.02
35043,20.03
35049,14.71
35051,23.91
35053,36.69
35055,28.57
35057,35.19
35059,22.94
35061,26.91
32510,11.46
32001,12.48
32003,16.72
32005,4.68
32007,12.38
32009,10.34
32011,10.34
32013,12.14
32015,13.16
32017,35.22
32019,11.31
32021,15.77
32023,10.39
32027,13.47
32029,7.78
32031,14.67
32033,11.64
36001,24.83
36003,24.5
36005,42.99
36007,26.35
36009,34.83
36011,18.83
36013,30.75
36015,32.28
36017,27.13
36019,32.64
36021,22.9
36023,24.5
36025,19.95
36027,18.52
36029,29.98
36031,19.95
36033,23.82
36035,39.87
36037,31.89
36039,19.77
36041,10.51
36043,24.49
36045,25.14
36047,45.42
36049,23.52
36051,27.31
36053,19.79
36055,41.09
36057,29.18
36059,13.58
36061,26.06
36063,23.72
36065,27
36067,21.1
36069,33.04
36071,19.21
36073,28.86
36075,21.42
36077,24.04
36079,10.93
36081,31.26
36083,24.66
36085,21.93
36087,20.83
36091,15.85
36093,26.26
36095,20.12
36097,24.97
36099,25.18
36089,25.68
36101,26.02
36103,16.15
36105,25.91
36107,22.2
36109,20.11
36111,20.85
36113,27.13
36115,23.77
36117,41.67
36119,17.43
36121,22.01
36123,28.87
39001,33.94
39003,22.38
39005,15.77
39007,25.87
39009,34.27
39011,12.32
39013,27.76
39015,26.59
39017,13.78
39019,19.54
39021,20.84
39023,18.84
39025,16.64
39027,17.75
39029,15.19
39031,24.5
39033,19.74
39035,18.18
39037,13.23
39039,20.99
39041,8.25
39043,17.93
39045,25.13
39047,30.61
39049,17.89
39051,9.88
39053,33.95
39055,6.73
39057,12.36
39059,29.03
39061,15.04
39063,19.37
39065,17.2
39067,25.87
39069,14.61
39071,27.24
39073,25.62
39075,15.98
39077,15.63
39079,31.49
39081,25.27
39083,19.72
39085,11.32
39087,29.51
39089,22.19
39091,16.59
39093,12.36
39095,20.69
39097,14.32
39099,16.27
39101,25.75
39103,9.79
39105,29.23
39107,12.85
39109,18.12
39111,24.91
39113,13.6
39115,29.64
39117,22.19
39119,32.01
39121,27.65
39123,9.71
39125,16.41
39127,28.03
39129,15.93
39131,30.65
39133,13.49
39135,16.81
39137,11.51
39139,22.46
39141,32.65
39143,17.47
39145,35.76
39147,17.8
39149,13.86
39151,16.73
39153,16.02
39155,13.19
39157,23.98
39159,10.81
39161,15.13
39163,32.75
39165,8.44
39167,21.16
39169,13.59
39171,18.49
39173,11.22
39175,16.34
40001,32.56
40003,10.71
40005,27.08
40007,8.46
40009,18.8
40011,16.19
40013,25.14
40015,22.11
40017,10.04
40019,21.86
40021,22.72
40023,31.75
40025,15.34
40027,15.41
40029,27.42
40031,17.17
40033,16.71
40035,24.65
40037,20.86
40039,18.78
40041,20.85
40043,9.22
40045,9
40047,18.32
40049,19.53
40051,21.05
40053,15.05
40055,22.56
40057,27.3
40059,10.87
40061,26.29
40063,27.02
40065,19.65
40067,24.27
40069,26.5
40071,17.43
40073,13.36
40075,24.63
40077,21.91
40079,29.44
40081,19.42
40083,17.34
40085,18.09
40093,11.73
40095,20.22
40097,19.89
40087,13.23
40089,30.75
40091,23.92
40099,16.26
40101,26.94
40103,14.7
40105,17.95
40107,29.99
40109,17.99
40111,27.56
40113,20.86
40115,24.89
40117,19.41
40119,19.45
40121,22.97
40123,22.7
40125,23.09
40127,28.37
40129,8.46
40131,15.7
40133,28.25
40135,29.85
40137,16.3
40139,13.41
40141,26.72
40143,18.88
40145,19.26
40147,15.51
40149,16.78
40151,9.73
40153,13.58
41001,17.46
41003,13.39
41005,14.97
41007,19.56
41009,19.3
41011,23.16
41013,13.12
41015,17.56
41017,11.86
41019,14.91
41021,15.15
41023,16.85
41025,19.43
41027,15.77
41029,19.32
41031,20.08
41033,19.57
41035,17.92
41037,18.1
41039,19.42
41041,20.35
41043,21.35
41045,28.17
41047,21.66
41049,16.31
41051,26.43
41053,23.94
41055,15.09
41057,16.28
41059,17.94
41061,19.29
41063,15
41065,21.57
41067,21.03
41069,13.5
41071,23.16
42001,10.59
42003,18.26
42005,20.94
42007,19.72
42009,22.57
42011,15.9
42013,27.42
42015,23.35
42017,12.49
42019,15.52
42021,31.02
42023,23.68
42025,16.62
42027,20.36
42029,10.88
42031,21.88
42033,29.02
42035,23.57
42037,23.98
42039,23.77
42041,12.04
42043,18.48
42045,17.06
42047,16.02
42049,24.58
42051,24.18
42053,22.9
42055,16.96
42057,22.05
42059,21.43
42061,24.02
42063,18.84
42065,23.25
42067,22.97
42069,27.2
42071,12.53
42073,20.19
42075,12.36
42077,17.33
42079,22.3
42081,23.44
42083,24.01
42085,23.48
42087,31.07
42089,17.78
42091,12.11
42093,24.01
42095,15.37
42097,28.34
42099,13.92
42101,37.12
42103,12.88
42105,22.23
42107,23.58
42109,23.82
42111,24.03
42113,20.08
42115,16.49
42117,20.22
42119,16.35
42121,29.53
42123,18.89
42125,18.27
42127,14.12
42129,18.82
42131,18.34
42133,13.02
44001,16.28
44003,21.57
44005,15.32
44007,34.02
44009,11.11
45001,16.55
45003,13.12
45005,24.47
45007,16.24
45009,21.01
45011,19.87
45013,4.38
45015,10.98
45017,19.93
45019,12.21
45021,19.02
45023,19.56
45025,23.37
45027,20.21
45029,21.76
45031,20.22
45033,28.17
45035,10.03
45037,17.97
45039,20.87
45041,22.88
45043,11.5
45045,12.66
45047,15.62
45049,18.6
45051,10.71
45053,17.24
45055,14.13
45057,17.5
45059,22.44
45061,25.61
45063,9.88
45067,26.29
45069,31.3
45065,10.31
45071,12.81
45073,11.97
45075,20.72
45077,13.05
45079,14.95
45081,16.97
45083,15.81
45085,22.85
45087,18.65
45089,24.27
45091,11.44
46003,9.09
46005,29.35
46007,26.61
46009,13.84
46011,11.27
46013,17.25
46015,19.76
46017,49.66
46019,18.82
46021,10.94
46023,21.84
46025,20.6
46027,13.64
46029,21.94
46031,27.2
46033,9.58
46035,17.81
46037,18.59
46039,15
46041,32.13
46043,16.39
46045,11.35
46047,14.69
46049,15.84
46051,18.96
46053,15.54
46055,10.63
46057,18.27
46059,14.71
46061,4.11
46063,11.61
46065,13.01
46067,14.32
46069,11.33
46071,29.26
46073,13.35
46075,10.33
46077,12.42
46079,9.15
46081,13.7
46083,13.3
46085,15.34
46091,12.86
46087,15.83
46089,16.21
46093,14.55
46095,32.44
46097,15.25
46099,16.34
46101,11.66
46103,16.04
46105,14.76
46107,7.76
46109,20.03
46111,16.2
46113,45.4
46115,13.71
46117,8.32
46119,NA
46121,47.91
46123,18.23
46125,15.5
46127,9.19
46129,16.23
46135,20.8
46137,NA
47001,17.89
47003,16.2
47005,20.8
47007,27.57
47009,14.07
47011,21.66
47013,33.07
47015,19.56
47017,21.25
47019,26.19
47021,16.19
47023,22.82
47025,33.21
47027,32.15
47029,27.38
47031,19.83
47033,25.18
47035,14.86
47037,18.01
47041,25.74
47039,25.96
47043,17.89
47045,28.78
47047,15.32
47049,37.08
47051,17.03
47053,22.95
47055,17.44
47057,27.68
47059,23
47061,30.93
47063,24.35
47065,18.84
47067,39.73
47069,25.48
47071,25.13
47073,25.6
47075,25.77
47077,24.29
47079,19.32
47081,23.13
47083,21.12
47085,17.25
47087,30.34
47089,18.04
47091,29.61
47093,17.57
47095,40.03
47097,26.88
47099,21.99
47101,20.1
47103,17.8
47105,10.26
47111,27.42
47113,23.47
47115,24.64
47117,16.69
47119,15.93
47107,22.38
47109,29.08
47121,19.62
47123,21.3
47125,14.62
47127,16.37
47129,27.89
47131,22.95
47133,28.69
47135,23.25
47137,29.99
47139,24.51
47141,25.3
47143,23.6
47145,20.42
47147,16.29
47149,15.27
47151,39.32
47153,26
47155,14.81
47157,20.26
47159,22.2
47161,17.99
47163,20.85
47165,16.83
47167,17.14
47169,30.91
47171,23.73
47173,30.68
47175,29.86
47177,24.89
47179,19.09
47181,24.9
47183,22.29
47185,22.41
47187,5.75
47189,13.05
48001,23.02
48003,19.62
48005,27.04
48007,11.99
48009,15.26
48011,15.34
48013,25.07
48015,12.99
48017,24.25
48019,9.09
48021,17
48023,23
48025,26.78
48027,19.74
48029,13.13
48031,10
48033,NA
48035,14.28
48037,23.39
48039,13.98
48041,17.07
48043,18.63
48045,15.58
48047,46.7
48049,25.08
48051,15.91
48053,9.51
48055,21.67
48057,17.29
48059,15.63
48061,45.88
48063,20.06
48065,8.46
48067,20.03
48069,22.75
48071,16.36
48073,23.3
48075,24.13
48077,13.99
48079,28.05
48081,15.16
48083,20.38
48085,10.15
48087,22.01
48089,15.38
48091,7.94
48093,18.51
48095,17.93
48097,13.73
48099,13.83
48101,23.42
48103,21.68
48105,20.99
48107,26.39
48109,40.93
48111,15.23
48113,14.97
48115,23.72
48123,20.87
48117,23.79
48119,20.86
48121,12.36
48125,14.39
48127,46.28
48129,15.7
48131,44.38
48133,19.93
48135,27.09
48137,32.9
48141,19.13
48139,15.15
48143,15.27
48145,28.71
48147,18.64
48149,10.74
48151,18.82
48153,20.7
48155,19.57
48157,14.3
48159,14.8
48161,16.49
48163,41.86
48165,26.15
48167,13.96
48169,18.48
48171,7.83
48173,NA
48175,18.1
48177,21.77
48179,17.19
48181,16.05
48183,19.93
48185,17.49
48187,15.38
48189,22.49
48191,18.71
48193,18.1
48195,12.34
48197,20.46
48199,15.69
48201,13.69
48203,21.27
48205,NA
48207,22.04
48209,14.75
48211,7.48
48213,16.69
48215,34.34
48217,17.47
48219,19.38
48221,8.94
48223,18.57
48225,21.06
48227,21.41
48229,30.82
48231,20.89
48233,13.09
48235,14.22
48237,14.62
48239,18.12
48241,20.33
48243,12.66
48245,22.16
48247,44.25
48249,37.91
48251,18.74
48253,24.48
48255,25.75
48257,15.46
48259,5.1
48261,47.83
48263,20.86
48265,11.43
48267,16.34
48269,NA
48271,23.05
48273,23.57
48275,24.14
48283,39.58
48277,24.17
48279,23.55
48281,12.68
48285,15.91
48287,15.63
48289,12.17
48291,19.26
48293,21.58
48295,11.06
48297,21.81
48299,11.84
48301,NA
48303,17.6
48305,20.71
48313,20.09
48315,24.41
48317,20.1
48319,12.46
48321,20.4
48323,58.64
48307,21.57
48309,22.46
48311,13.39
48325,18.03
48327,22.83
48329,15.87
48331,23.02
48333,15.77
48335,21.27
48337,13.4
48339,10.47
48341,15.67
48343,22.47
48345,20.08
48347,18.86
48349,28.11
48351,26.78
48353,22.78
48355,21.99
48357,14.05
48359,10.06
48361,15.9
48363,16.93
48365,17.31
48367,10.04
48369,19
48371,29.91
48373,10.65
48375,17.79
48377,53.01
48379,13.22
48381,16.28
48383,22.87
48385,16.31
48387,26.95
48389,35.87
48391,23.17
48393,NA
48395,21.44
48397,7.98
48399,18.33
48401,19.52
48403,14.12
48405,23.82
48407,18.63
48409,20.95
48411,17.63
48413,19.51
48415,18.07
48417,14.04
48419,22.58
48421,11.78
48423,16.36
48425,12.38
48427,69.72
48429,18.76
48431,22.8
48433,17.13
48435,18.34
48437,18.98
48439,13.67
48441,22.37
48443,20.56
48445,21.54
48447,11.29
48449,21.54
48451,21.19
48453,17.24
48455,19.32
48457,17.91
48459,18.15
48461,18.16
48463,30.82
48465,38.26
48467,15.85
48469,22.35
48471,16.37
48473,16.82
48475,19.79
48477,18.91
48479,46.46
48481,19.45
48483,11.87
48485,19.87
48487,22.65
48489,54.65
48491,10.56
48493,15.98
48495,21.55
48497,12.2
48499,11.65
48501,18.03
48503,15.3
48505,43.33
48507,50.73
49001,13.78
49003,9.68
49005,10.19
49007,14.37
49009,NA
49011,5.67
49013,13.46
49015,9.74
49017,8.1
49019,10.45
49021,10.68
49023,10.92
49025,8.69
49027,9.78
49029,2.37
49031,8.67
49033,NA
49035,12.23
49037,29.01
49039,10.64
49041,11.79
49043,3.77
49045,9.11
49047,12.25
49049,11.57
49051,12.76
49053,7.07
49055,6.72
49057,11.96
51001,20.88
51003,6.24
51510,7.19
51005,17.52
51007,11.29
51009,15.88
51011,18.59
51013,9.47
51015,8.19
51017,10.02
51019,6.67
51021,15.28
51023,5.28
51520,29.16
51025,21.52
51027,27.42
51029,15.2
51530,16.16
51031,19.12
51033,9.94
51035,21.41
51036,8.68
51037,22.28
51540,10.21
51550,7.12
51041,7.9
51043,9.94
51570,7.63
51580,15.9
51045,10.16
51047,10.89
51049,13.6
51590,27.96
51051,27.48
51053,8.61
51595,22.39
51057,11.41
51059,10.62
51600,9.71
51610,7.73
51061,8.4
51063,10.69
51065,5.97
51067,9.8
51620,16.04
51069,10.65
51630,13.43
51640,27.77
51071,12.17
51073,7.79
51075,5.38
51077,22.49
51079,7.32
51081,NA
51083,26.9
51650,9.52
51085,6.97
51660,14.64
51087,6.64
51089,21.33
51091,7.39
51670,11.84
51093,7.19
51095,4.11
51097,11.01
51099,8.85
51101,8.68
51103,7.21
51105,37.73
51678,8.72
51107,4.98
51109,9
51111,19.03
51680,24.41
51113,9.01
51683,11.16
51685,NA
51690,29.83
51115,7.33
51117,20.89
51119,8.85
51121,9.51
51125,9.81
51127,5.64
51700,11.38
51710,15.13
51131,21.74
51133,7.21
51720,31.39
51135,17.91
51137,7.36
51139,19.53
51141,16.16
51730,12.61
51143,21.94
51735,3.05
51740,14.96
51145,5.09
51147,19.76
51149,6.27
51153,6.97
51155,14.47
51750,10.01
51157,7.12
51159,10.5
51760,14.43
51161,4.89
51770,13.87
51163,11.02
51165,8.44
51167,25.31
51775,6.23
51169,31.06
51171,12.68
51173,26.18
51175,12.36
51177,7.06
51179,5.31
51790,13.15
51800,13.47
51181,9.67
51183,14.38
51185,22.72
51810,6.66
51187,13.27
51191,19.01
51820,10.15
51193,11.29
51830,3.64
51840,15.05
51195,29.68
51197,20.39
51199,3.31
50001,20.87
50003,25.76
50005,27.78
50007,21.64
50009,28.79
50011,29.9
50013,17.72
50015,24.36
50017,23.51
50019,31.48
50021,30.2
50023,26.63
50025,24.45
50027,20.77
53001,15.08
53003,18.78
53005,15.12
53007,19.93
53009,12.52
53011,25.82
53013,19.12
53015,25.93
53017,15.65
53019,19.58
53021,21.55
53023,14.29
53025,19.76
53027,21.32
53029,9.98
53031,9.73
53033,20.15
53035,15
53037,13.3
53039,14.66
53041,20.73
53043,12.97
53045,15.36
53047,18.52
53049,16.29
53051,17.03
53053,17.98
53055,8.07
53057,15.8
53059,16.02
53061,20.81
53063,18.99
53065,16.05
53067,18.46
53069,13.14
53071,17.39
53073,20.52
53075,13.14
53077,24.95
55001,22.52
55003,27.3
55005,30.28
55007,16.33
55009,22.54
55011,17.33
55013,17.98
55015,16.72
55017,19.43
55019,28.62
55021,18.23
55023,23.18
55025,15.44
55027,14.04
55029,9.54
55031,34.36
55033,22.48
55035,35.93
55037,19.86
55039,20.83
55041,22.58
55043,28.64
55045,15.56
55047,18.95
55049,21.27
55051,26.65
55053,23.68
55055,15.73
55057,19.94
55059,21.76
55061,15.13
55063,30.81
55065,20.24
55067,25.58
55069,18.71
55071,19.74
55073,24.76
55075,22.48
55077,17.86
55078,38.58
55079,28.64
55081,18.92
55083,18.63
55085,19.06
55087,23.23
55089,8.2
55091,20.41
55093,18.45
55095,22.14
55097,17.51
55099,23.57
55101,18.98
55103,22.06
55105,24.1
55107,30.02
55111,19.43
55113,21.17
55115,22.31
55117,18.33
55109,15.25
55119,23.85
55121,20.97
55123,27.43
55125,12.35
55127,12.96
55129,21.98
55131,11.85
55133,13.37
55135,23.84
55137,20.37
55139,22.93
55141,29.35
54001,31.79
54003,20.44
54005,28.07
54007,33.22
54009,19.12
54011,29.48
54013,36.34
54015,41.66
54017,28.79
54019,31.82
54021,30.92
54023,30.04
54025,25.76
54027,23.94
54029,16.52
54031,25.91
54033,27.57
54035,23.69
54037,16.34
54039,27.13
54041,30.52
54043,37.81
54045,32.48
54049,24.53
54051,24.55
54053,25.57
54047,45.67
54055,32.76
54057,18.6
54059,38.3
54061,22.96
54063,22.45
54065,18.25
54067,28.76
54069,31.1
54071,26.61
54073,25.41
54075,25.23
54077,25.11
54079,19.04
54081,27.57
54083,33.2
54085,29.56
54087,35.89
54089,33.81
54091,28.94
54093,24.63
54095,23.31
54097,25.44
54099,31.83
54101,43.27
54103,23.81
54105,35.06
54107,27.24
54109,32.29
56001,13.04
56003,14.41
56005,13.2
56007,11.51
56009,12.27
56011,7.1
56013,17.79
56015,13.79
56017,14.31
56019,10.53
56021,14.71
56023,7.06
56025,16.35
56027,16.42
56029,10.5
56031,11.53
56033,12.15
56035,6.55
56037,12.66
56039,3.74
56041,13.93
56043,11.2
56045,11.41
